Id,name,community,gender,in-Degree,Excentricity,Closness Centrality,Harmonic Closness Centrality,Betweenness Centrality,Eigenvector Centrality,Clustering Coefficient
martynrooney,Martyn Rooney,athletics,Male,25,5.0,0.3235294117647059,0.4242424242424242,1499.0544317670629,1.0,0.13833333551883698
mrgrantturner,Grant Turner,swimming,Male,20,6.0,0.36507936507936506,0.4956521739130435,147.84873737373732,0.7136792863012419,0.1921052634716034
airlewis,Air Lewis,athletics,Male,18,6.0,0.28695652173913044,0.39949494949494935,136.5842546342547,0.8859817680295582,0.18300653994083405
andyturner110h,Andy Turner,athletics,Male,18,6.0,0.3055555555555556,0.41262626262626256,430.9518325216607,0.7913593472020211,0.15359477698802948
katedennison,Kate Dennison,athletics,Female,17,6.0,0.28695652173913044,0.39949494949494935,203.05941280941286,0.6302636505088675,0.11764705926179886
jfair25,James Fair,hockey,Male,15,3.0,0.6,0.6944444444444443,17.178571428571423,0.4306384693982276,0.23749999701976776
jboyton,Jonathan Boyton,canoeing,Male,15,3.0,0.6,0.6944444444444443,55.5968253968254,0.402651945054187,0.25238096714019775
gregjrutherford,Greg Rutherford,athletics,Male,15,6.0,0.3055555555555556,0.4126262626262625,1086.7099914044768,0.6711143013051657,0.15000000596046448
warrenbaister,Warren Baister,boxing,Male,15,4.0,0.4583333333333333,0.6363636363636362,18.249999999999996,0.492388746666531,0.2809523940086365
liamphillips65,Liam Phillips,cycling,Male,14,3.0,0.47619047619047616,0.5666666666666669,92.07222222222224,0.3223116682366503,0.17582418024539948
swimmerross,Ross Davenport,swimming,Male,14,5.0,0.3770491803278688,0.4992753623188406,77.34913419913418,0.3758511037570586,0.20476190745830536
iainlewers,Iain Lewers,hockey,Male,14,3.0,0.5714285714285714,0.6805555555555555,42.554761904761904,0.436696696144831,0.23076923191547394
joannarowsell,Joanna Rowsell,cycling,Female,13,4.0,0.5,0.5875000000000001,66.96468253968254,0.3592057300564898,0.1538461595773697
swiftybswift,Ben Swift,cycling,Male,13,4.0,0.4444444444444444,0.55,78.5595238095238,0.3746398850610478,0.21153846383094788
fencingmary,Mary Unidentified,fencing,Female,13,3.0,0.5357142857142857,0.6333333333333334,56.01251803751804,0.3441855832755532,0.17307692766189575
jthorntongbr,James Thornton,fencing,Male,13,3.0,0.5172413793103449,0.6222222222222222,94.45768398268396,0.38982459517445084,0.26923078298568726
rob13moore,Rob Moore,hockey,Male,13,2.0,0.631578947368421,0.7083333333333334,30.70238095238096,0.4509251612256601,0.2756410241127014
sallywalton23,Sally Walton,hockey,Female,13,4.0,0.5217391304347826,0.6597222222222222,34.251298701298694,0.3826647813724552,0.3076923191547394
ed_rutherford,Ed Rutherford,canoeing,Male,13,3.0,0.5454545454545454,0.6666666666666666,22.756349206349206,0.37697910544300944,0.28205129504203796
daniel_fogg,Daniel Fogg,swimming,Male,13,6.0,0.3770491803278688,0.5065217391304347,336.1463924963926,0.4648350587985307,0.21794871985912323
hollybleasdale,Holly Bleasdale,athletics,Female,13,6.0,0.3235294117647059,0.4318181818181818,882.3098588876168,0.4073438063249721,0.14761905372142792
cedwardsboxing,Charlie Edwards,boxing,Male,13,3.0,0.5789473684210527,0.6969696969696969,25.599999999999998,0.3545855074713156,0.27142858505249023
nrod2012,Unidentified,rowing,Undefined,13,2.0,0.6470588235294118,0.7272727272727273,15.943650793650791,0.374145129404508,0.29120880365371704
thomasstalker1,Thomas Stalker,boxing,Male,13,2.0,0.6470588235294118,0.7272727272727273,70.01666666666667,0.30487882386225806,0.22857142984867096
christophermcd_,Christopher McDonald,handball,Male,12,2.0,0.7777777777777778,0.8571428571428571,29.685714285714276,0.37457861596174113,0.3333333432674408
chloewilcox86,Chloe Wilcox,waterpolo,Female,12,7.0,0.28125,0.4723544973544974,23.74761904761905,0.3384392452356767,0.3030303120613098
watkinsteamgb,Anna Watkins,rowing,Female,12,2.0,0.6470588235294118,0.7272727272727273,31.302380952380954,0.2458284890287532,0.20512820780277252
daigreene,Dai Greene,athletics,Male,12,6.0,0.28205128205128205,0.3919191919191918,125.06071151071153,0.6086180224489789,0.19871795177459717
ashleigh_ball22,Ashleigh Ball,hockey,Female,12,4.0,0.48,0.6388888888888888,10.723160173160174,0.368750661259787,0.3181818127632141
andrewthodge,Andrew Thodge,rowing,Male,12,3.0,0.6111111111111112,0.712121212121212,19.996031746031743,0.3427204734455641,0.21969696879386902
sarahbarrow,Sarah Barrow,diving,Female,12,4.0,0.45,0.5648148148148148,401.6093892593892,0.28522008901970264,0.25
powellstacie,Stacie Powell,diving,Female,12,5.0,0.3673469387755102,0.5175925925925926,164.19592449592454,0.2873770179598835,0.2651515007019043
popsmbonsu,Pops Mensah-Bonsu,basketball,Male,12,3.0,0.5789473684210527,0.6969696969696969,19.761111111111113,0.2701812786069629,0.2954545319080353
vicbowen,Bo Bo Bowen,waterpolo,Female,12,6.0,0.3333333333333333,0.5037037037037037,48.11190476190475,0.3231981981736551,0.3181818127632141
fudge89,Kathryn Fudge,handball,Female,11,2.0,0.7777777777777778,0.8571428571428571,29.199999999999992,0.3612227741163638,0.3636363744735718
johnnailspearce,John Pearce,handball,Male,11,2.0,0.7777777777777778,0.8571428571428571,9.4,0.3473203360969381,0.3909091055393219
hollyhandball3,Holly Lam-Moores,handball,Female,11,3.0,0.7,0.8333333333333333,12.133333333333331,0.30920517576048984,0.30000001192092896
bethstorry,Beth Storry,hockey,Female,11,4.0,0.48,0.6388888888888888,16.63225108225108,0.3766848266684164,0.37272727489471436
paulwycherley,Paul wycherley,canoeing,Male,11,3.0,0.5454545454545454,0.6666666666666666,14.25079365079365,0.32892433989373054,0.27272728085517883
roberto_pavoni,Roberto Pavoni,swimming,Male,11,6.0,0.3484848484848485,0.48260869565217396,230.5638888888891,0.42674545263465324,0.280303031206131
jemmasimpson,Jemma Simpson,athletics,Female,11,6.0,0.35106382978723405,0.45606060606060606,249.79217171717198,0.166708547347038,0.1794871836900711
danny_price,Danny Price,boxing,Male,11,4.0,0.4583333333333333,0.6363636363636362,154.3333333333333,0.37035376783851215,0.290909081697464
callumsmith23,Callum Smith,boxing,Male,11,3.0,0.5789473684210527,0.696969696969697,17.35,0.4292541750896935,0.3636363744735718
markhuntergb,Mark Hunter,rowing,Male,11,2.0,0.6470588235294118,0.7272727272727273,17.324603174603173,0.20172257415136244,0.17424242198467255
adamdixon16,Adam Dixon,hockey,Male,11,3.0,0.6,0.6944444444444443,23.70714285714286,0.27981727731906925,0.20454545319080353
jempin515,Jennifer McIlveen,gymnastics,Female,11,8.0,0.2356020942408377,0.3394179894179893,242.0515184488715,0.27381629227155085,0.3181818127632141
caitmcclatchey,Caitlin McClatchey,swimming,Female,11,5.0,0.35384615384615387,0.48405797101449266,104.10887445887447,0.4537026783696519,0.27272728085517883
bcreports,bcreports,cycling,Organization,10,4.0,0.47619047619047616,0.5708333333333333,57.346031746031734,0.25826578124980293,0.19090908765792847
angiewsmith10,Angie Smith,waterpolo,Female,10,6.0,0.3333333333333333,0.5037037037037035,33.845238095238095,0.28154490166495716,0.3636363744735718
nickwoodbridge,Nick Woodbridge,pentathlon,Male,10,2.0,0.6923076923076923,0.7777777777777778,38.16944444444443,0.3003049385008995,0.41111111640930176
jontyclarke,Jonty Clarke,hockey,Male,10,3.0,0.5714285714285714,0.6805555555555555,31.069047619047616,0.2107144565625777,0.16363635659217834
gabbywhite011,Gabby White,badminton,Female,10,2.0,0.6923076923076923,0.7777777777777778,8.825,0.2733805985460042,0.4000000059604645
gemmaspofforth,Gemma Spofforth,swimming,Female,10,6.0,0.359375,0.4985507246376811,284.8884920634921,0.1935633854796268,0.1666666716337204
danusiafrancis,Danusia Francis,gymnastics,Female,10,8.0,0.234375,0.34015873015873005,404.78298578872113,0.24204029385897857,0.2777777910232544
katiec_23,Katie Clark,swimming-sync,Female,10,2.0,0.7272727272727273,0.8125,205.96125541125528,0.3367599542698052,0.3333333432674408
aliwilson17,Ali Wilson,hockey,Female,10,3.0,0.6,0.6944444444444443,12.495238095238093,0.4101247628232109,0.31111112236976624
bigyin78,Sarah adlington,judo,Female,10,14.0,0.1191553544494721,0.1568911398025321,12.516666666666667,0.2994191363653036,0.3888888955116272
gbhandball_mh20,Mark Hawkins,handball,Male,9,2.0,0.7777777777777778,0.8571428571428571,69.24523809523811,0.31788668572620615,0.2916666567325592
rgallantree,Rebecca Gallantree,diving,Female,9,4.0,0.45,0.5648148148148148,112.33163878163873,0.20968162298616946,0.2361111044883728
toniacouch,Tonia Couch,diving,Female,9,4.0,0.43902439024390244,0.5555555555555556,105.16237471237464,0.24483990591224566,0.31111112236976624
laurencehalsted,Laurence Halsted,fencing,Male,9,4.0,0.5172413793103449,0.6277777777777779,97.4533910533911,0.26927007840094563,0.2888889014720917
jamiecooke_5,Jamie Cooke,pentathlon,Male,9,2.0,0.6923076923076923,0.7777777777777778,50.72500000000001,0.24896945332612613,0.35555556416511536
danfox450,Dan Fox,hockey,Male,9,2.0,0.631578947368421,0.7083333333333334,16.592857142857145,0.2699162390928761,0.23333333432674408
rajivouseph,Rajiv Ouseph,badminton,Male,9,2.0,0.6923076923076923,0.7777777777777778,7.949999999999999,0.2579653164988238,0.4555555582046509
nick_thompo,Nick Thompson,sailing,Male,9,2.0,0.6923076923076923,0.7777777777777778,11.700000000000001,0.22213146907750927,0.5
archerynicky,Nicky Hunt,archery,Female,9,4.0,0.4117647058823529,0.523809523809524,213.53333333333327,0.18065555728618285,0.31111112236976624
scottishfencing,scottishfencing,fencing,Organization,9,3.0,0.5357142857142857,0.6333333333333334,149.97427849927846,0.2641222031614754,0.2222222238779068
marcus_bateman,Marcus Bateman,rowing,Male,9,3.0,0.6111111111111112,0.712121212121212,10.802380952380952,0.3541279673153339,0.3055555522441864
tiffofili,Tiffany Ofili,athletics,Female,9,7.0,0.2920353982300885,0.42431457431457437,775.9537372314949,0.12890900120854024,0.1111111119389534
vickilucass,Vicki Lucas,swimming-sync,Female,9,2.0,0.7272727272727273,0.8125,9.399999999999999,0.26381899575026996,0.42222222685813904
sarahclark_judo,Sarah Clark,judo,Female,9,13.0,0.13423959218351741,0.17500532168253674,228.35238095238094,0.327972205171275,0.4444444477558136
tennanto,Andy Tennant,cycling,Male,8,4.0,0.47619047619047616,0.5708333333333335,30.315476190476183,0.2821483270082688,0.25
teamwilliamsgbr,Guy Williams,equestrianism,Male,9,2.0,0.6470588235294118,0.7272727272727273,16.648809523809526,0.2484200071456141,0.3194444477558136
sophiejsays,Sophie Johnstone,judo,Female,9,13.0,0.13423959218351741,0.17500532168253674,294.20119047619033,0.3234251124753299,0.4583333432674408
engbasketball,engbasketball,basketball,Organization,9,3.0,0.6111111111111112,0.712121212121212,14.766666666666666,0.25415148863243564,0.3472222089767456
mstamper_tkd,Martin Stamper,taekwondo,Male,9,1.0,1.0,1.0,89.29175970228603,0.2766589684863802,0.375
annabentleygbr,Anna Bentley,fencing,Female,8,3.0,0.5769230769230769,0.6555555555555556,117.84188311688311,0.23041925398381444,0.2361111044883728
kassidycook1,Kassidy Cook,diving,Female,8,11.0,0.17990275526742303,0.25411547911547905,670.921853671854,0.11572660854295122,0.2888889014720917
davidboudia,David Boudia,diving,Male,8,10.0,0.19039451114922812,0.2613863863863863,560.3098917748918,0.1194349313980042,0.3035714328289032
phillipsidowu,Phillips Idowu,athletics,Male,8,6.0,0.28448275862068967,0.39444444444444426,1378.9744537626116,0.25410860108152217,0.21969696879386902
oliver_townend,Oliver Townend,equestrianism,Male,8,2.0,0.6470588235294118,0.7272727272727273,12.045238095238094,0.20652797460113406,0.3333333432674408
jennywallwork,Jenny Wallwork,badminton,Female,8,3.0,0.6428571428571429,0.7592592592592592,8.566666666666666,0.238301483167903,0.4285714328289032
craigfigesgbwp,Craig Figes,waterpolo,Male,8,3.0,0.4864864864864865,0.5833333333333333,51.22619047619047,0.12679537038585573,0.375
dominicmahony,Dominic Mahony,pentathlon,Male,8,3.0,0.6428571428571429,0.7592592592592592,38.205555555555556,0.2438164267348406,0.4642857015132904
h_richardson8,Helen Richardson-Walsh,hockey,Female,8,5.0,0.42857142857142855,0.6138888888888888,6.483333333333333,0.2394005367598916,0.3611111044883728
georgietwigg,Georgie Twigg,hockey,Female,8,3.0,0.5454545454545454,0.6666666666666666,50.58095238095238,0.28855757039238633,0.2916666567325592
jamesgoddard83,James Goddard,swimming,Male,8,6.0,0.3484848484848485,0.48260869565217385,39.11028138528138,0.25636774634330733,0.2222222238779068
dianalopez25,Diana Lopez,taekwondo,Female,8,9.0,0.18048780487804877,0.2365186615186614,192.83997493734336,0.16373140740073336,0.31111112236976624
worldrowing,worldrowing,rowing,Organization,8,3.0,0.5789473684210527,0.6969696969696969,6.126190476190477,0.22644217315697737,0.2916666567325592
gbrowingteam,gbrowingteam,rowing,Organization,8,2.0,0.6470588235294118,0.7272727272727273,14.364285714285714,0.24634243272232936,0.2777777910232544
andrew_pozzi,Andrew Pozzi,athletics,Male,8,6.0,0.33,0.4419191919191919,155.4551625440413,0.06895351693862056,0.16363635659217834
leemerrien,Lee Merrien,athletics,Male,8,6.0,0.3333333333333333,0.4368686868686868,129.86233766233767,0.12314295755384458,0.3055555522441864
470girls,Nguyen Ngọc Mai,sailing,Male,8,3.0,0.6428571428571429,0.7592592592592592,6.083333333333333,0.21314287254041833,0.5357142686843872
smarshall1991,Scott Marshall,boxing,Male,8,2.0,0.6470588235294118,0.7272727272727273,205.93333333333334,0.0827760322737211,0.23636363446712494
asharandall,Asha Randall,swimming-sync,Female,8,2.0,0.7272727272727273,0.8125,195.51681096681108,0.2777708964282253,0.3392857015132904
lauratrott31,Laura Trott,cycling,Female,8,5.0,0.43478260869565216,0.5475000000000001,58.790079365079364,0.24753661861038048,0.2222222238779068
chris_boardman,Chris Boardman,cycling,Male,7,3.0,0.5405405405405406,0.6083333333333334,135.21904761904761,0.18950460762962748,0.2083333283662796
joannejackson86,Joanne Jackson,swimming,Female,8,5.0,0.38333333333333336,0.5028985507246376,165.74206349206352,0.24030958841235242,0.25
britishdressage,britishdressage,equestrianism,Organization,8,3.0,0.6111111111111112,0.712121212121212,9.763095238095238,0.18946002458879804,0.31111112236976624
ashleymckenzi12,Ashley McKenzie,judo,Male,8,14.0,0.11933534743202417,0.1584734182835448,56.66666666666667,0.28433105608380815,0.375
stevenburke88,Steven Burke,cycling,Male,8,5.0,0.4166666666666667,0.535,11.221428571428572,0.28565758999851604,0.3035714328289032
judoscotland,judoscotland,judo,Organization,8,13.0,0.13423959218351741,0.17500532168253674,316.3178571428571,0.19506835498130198,0.36666667461395264
robyn_nicholls,Robyn Nicholls,waterpolo,Female,8,7.0,0.28125,0.4723544973544974,10.77142857142857,0.3002694271444771,0.5535714030265808
chrystalln,Chrystall Nicoll,fencing,Female,8,3.0,0.5357142857142857,0.6333333333333333,112.16338383838388,0.13436107712066192,0.2083333283662796
hannahkwhelan,Hannah Whelan,gymnastics,Female,8,8.0,0.2356020942408377,0.3394179894179893,173.66098426083718,0.22070134829658905,0.4107142984867096
juliepage10,Julie Page,basketball,Female,8,3.0,0.5789473684210527,0.6969696969696969,7.966666666666666,0.2086036858349947,0.4166666567325592
basketballscot,basketballscot,basketball,Organization,8,4.0,0.55,0.6893939393939393,6.711111111111111,0.23593551851688174,0.4583333432674408
clitherbot,helen clitheroe,athletics,Female,7,5.0,0.38372093023255816,0.4777777777777778,1065.0476190476188,0.13810150558092177,0.1666666716337204
serenawilliams,Serena Williams,tennis,Female,7,10.0,0.17735849056603772,0.2169064505234722,501.2606083712121,0.1328829185592093,0.3214285671710968
elenabaltacha,Elena Baltacha,tennis,Female,7,11.0,0.17980107115531752,0.22290120045439227,635.9796858546861,0.1489965511718746,0.3571428656578064
clijsterskim,Kim Clijsters,tennis,Female,7,11.0,0.18007662835249041,0.2241186945442268,263.10553389862514,0.12065696117692488,0.3611111044883728
moniquegladding,Monique Gladding,diving,Female,7,3.0,0.5142857142857142,0.6018518518518519,485.04299949299934,0.17003283617819387,0.25555557012557983
christinaloukas,Christina Loukas,diving,Female,7,10.0,0.19270833333333334,0.261078936078936,969.3344448344445,0.13459829083745875,0.4285714328289032
shakesdrayton,Perri Shakes-Drayton,athletics,Female,7,6.0,0.28448275862068967,0.3944444444444443,33.99682262182262,0.24921048580997268,0.20000000298023224
anniebarts,Annie Bartlett,gymnastics,Female,7,10.0,0.17509727626459143,0.28568783068783055,227.74369429590038,0.13892409839663164,0.261904776096344
jessicamayne_x,Jessica Mayne,badminton,Female,7,3.0,0.6428571428571429,0.7592592592592592,7.691666666666666,0.16108088719048133,0.4166666567325592
hannahmacleod6,Hannah Macleod,hockey,Female,7,3.0,0.6,0.6944444444444445,31.04177489177489,0.12732326449522205,0.2777777910232544
hayleigh_mason,Hayleigh Mason,canoeing,Female,7,2.0,0.631578947368421,0.7083333333333334,16.484126984126984,0.13852379486342156,0.2916666567325592
sophie_a_w,Sophie Williams,fencing,Female,7,3.0,0.5172413793103449,0.6222222222222222,78.22579365079366,0.188805406616944,0.2142857164144516
joeroebuck,Joe Roebuck,swimming,Male,7,5.0,0.3770491803278688,0.49927536231884057,104.64437229437229,0.3272345297343813,0.3055555522441864
antonyjamesfly,Antony James,swimming,Male,7,6.0,0.35384615384615387,0.48985507246376814,100.37142857142857,0.30682033673664844,0.3194444477558136
kerrileewalsh,Kerri Walsh Jennings,beach-volleyball,Female,7,9.0,0.19964028776978418,0.25510868010868,981.575748786352,0.17809826845226703,0.3095238208770752
stevenlopeztkd,Steven Lopez,taekwondo,Male,7,9.0,0.2007233273056058,0.2596846846846846,1208.5092734063319,0.16001253483435765,0.4523809552192688
shawnjohnson,Shawn Johnson,gymnastics,Female,7,9.0,0.21062618595825428,0.27399184899184886,1405.7651828872422,0.14373097937789486,0.3035714328289032
hannengland,Hannah England,athletics,Female,7,5.0,0.375,0.46666666666666673,207.33273948273967,0.14631815495408165,0.1805555522441864
shanazereade,Shanaze Reade,cycling,Female,7,3.0,0.4878048780487805,0.5750000000000001,52.913888888888884,0.1763668311117226,0.1785714328289032
jessvarnish,Jess Varnish,cycling,Female,7,3.0,0.47619047619047616,0.5666666666666667,27.628968253968253,0.16260419913844656,0.3214285671710968
iainpercy,Iain Percy,sailing,Male,7,3.0,0.6428571428571429,0.7592592592592592,3.2833333333333328,0.19947854563948006,0.5714285969734192
scottycardle,Scott Cardle,boxing,Male,7,3.0,0.5789473684210527,0.6969696969696969,11.233333333333334,0.37028851140188873,0.5178571343421936
luke11campbell,Luke Campbell,boxing,Male,7,2.0,0.6470588235294118,0.7272727272727273,11.933333333333334,0.12014990901755127,0.3194444477558136
gamal_yafai,Gamal Yafai,boxing,Male,7,4.0,0.4583333333333333,0.6363636363636362,4.666666666666666,0.2592270459709809,0.3888888955116272
synchroks,katie skelton,swimming-sync,Female,7,2.0,0.7272727272727273,0.8125,47.31854256854255,0.28904507988058603,0.6190476417541504
aliciablagg,Alicia Blagg,diving,Female,7,4.0,0.45,0.5648148148148148,36.01645021645021,0.1945259735988385,0.3214285671710968
britshowjumping,britshowjumping,equestrianism,Organization,7,3.0,0.6111111111111112,0.712121212121212,5.892857142857142,0.24647454028821045,0.4464285671710968
teamgbr,teamgbr,equestrianism,Organization,7,2.0,0.6470588235294118,0.7272727272727273,13.19404761904762,0.21736248522464227,0.3571428656578064
hesterdressage,Carl Hester,equestrianism,Male,7,3.0,0.6111111111111112,0.712121212121212,7.982142857142857,0.21165756451584058,0.3928571343421936
cameronnicholgb,Cameron Nichol,rowing,Male,7,3.0,0.5789473684210527,0.6969696969696969,6.7523809523809515,0.2711072925673092,0.3214285671710968
sible2109,Kelly Sibley OLY,tabletennis,Female,7,8.0,0.24621212121212122,0.3335897435897435,73.69047619047619,0.1151934102750836,0.3928571343421936
yvettebaker91,Yvette Baker,swimming-sync,Female,7,2.0,0.7272727272727273,0.8125,24.58427128427127,0.2493714001548311,0.523809552192688
rachvanderwal,Rachael Vanderwal,basketball,Female,7,3.0,0.6111111111111112,0.712121212121212,24.32777777777778,0.18116423501193538,0.4107142984867096
petekennaugh,Pete Kennaugh,cycling,Male,7,5.0,0.43478260869565216,0.5475,27.58293650793651,0.23578200250635867,0.2857142984867096
biancaw_tkd,Bianca Walkden,taekwondo,Female,7,1.0,1.0,1.0,114.88157894736844,0.24553883649071345,0.5714285969734192
jadejonestkd,Jade Jones,taekwondo,Female,7,1.0,1.0,1.0,9.7,0.22722491728300562,0.5714285969734192
teamgbtaekwondo,teamgbtaekwondo,taekwondo,Organization,7,1.0,1.0,1.0,41.30696438064858,0.2543122326295331,0.5476190447807312
paulajradcliffe,Paula Radcliffe,athletics,Female,6,5.0,0.39285714285714285,0.48434343434343435,222.75515778399068,0.10184880504072223,0.1111111119389534
louisejukes,Louise Jukes,handball,Female,6,2.0,0.7777777777777778,0.8571428571428571,5.500000000000001,0.26921687880426465,0.6190476417541504
robbierenwick,Robbie Renwick,swimming,Male,6,5.0,0.41818181818181815,0.5268115942028986,346.2239177489176,0.05649466606178868,0.1805555522441864
cbennettgbr,Chloe Bennett,fencing,Female,6,3.0,0.5172413793103449,0.6222222222222222,185.1258658008658,0.20493603451514025,0.3472222089767456
katherinekempe,Katherine Kempe,fencing,Female,6,2.0,0.6,0.6666666666666666,91.4603896103896,0.1220039690790263,0.2777777910232544
jesseddie,Jess Eddie,rowing,Female,6,2.0,0.6470588235294118,0.7272727272727273,5.707936507936507,0.09922775617599383,0.2638888955116272
2012parters,Alex Partridge,rowing,Male,6,2.0,0.6470588235294118,0.7272727272727273,10.95,0.19773973516557344,0.3333333432674408
mhairispence,Mhairi Spence,pentathlon,Female,6,3.0,0.6428571428571429,0.7592592592592592,186.68055555555554,0.21230466974532664,0.46666666865348816
shuvolleygb,shauna mullin,beach-volleyball,Female,6,4.0,0.4262295081967213,0.5160256410256412,201.78333333333333,0.11796041036883413,0.380952388048172
kt_burke,Kate Burke,pentathlon,Female,6,2.0,0.6923076923076923,0.7777777777777778,40.88888888888889,0.188243125833428,0.4761904776096344
katylivo,Katy Livingston,pentathlon,Female,6,2.0,0.6923076923076923,0.7777777777777778,39.88333333333333,0.15181230112922983,0.3392857015132904
harry_meade,Harry Meade,equestrianism,Male,6,3.0,0.6111111111111112,0.712121212121212,9.825,0.15341371743561322,0.3472222089767456
thebenfarrell,Ben Farrell,canoeing,Male,6,3.0,0.5217391304347826,0.6527777777777778,9.104761904761904,0.26761676205939317,0.5333333611488342
joregan91,Joanne O’Regan,waterpolo,Female,6,4.0,0.45,0.5601851851851852,16.892857142857142,0.11679962756851667,0.5666666626930237
queenmond,queenmond,swimming,Female,6,6.0,0.359375,0.498550724637681,178.68214285714282,0.0655170143460687,0.3055555522441864
bgmediateam,British Gymnastics (alt),gymnastics,Organization,6,9.0,0.20270270270270271,0.31234567901234556,66.5785097255686,0.19795660681898714,0.5
archeryalison,Alison Williamson,archery,Female,6,5.0,0.3181818181818182,0.4507936507936507,2.45,0.1609850387041472,0.7666666507720947
archeryburgess,Charlotte Burgess,archery,Female,6,5.0,0.3181818181818182,0.4507936507936507,2.45,0.1609850387041472,0.7666666507720947
2012amy,Amy Oliver,archery,Female,6,5.0,0.3181818181818182,0.4507936507936507,2.45,0.1609850387041472,0.7666666507720947
rogerschloe12,Chloe Rogers,hockey,Female,6,4.0,0.48,0.6388888888888888,4.308008658008658,0.2677339859229788,0.523809552192688
edmckeever,Ed McKeever,canoeing,Male,6,3.0,0.6,0.6944444444444443,12.33888888888889,0.08891593795900511,0.3214285671710968
rachelcawthorn,Rachel Cawthorn,canoeing,Female,6,3.0,0.6,0.6944444444444443,11.381746031746031,0.09238645354550432,0.261904776096344
liz_blatchford,Liz Blatchford,triathlon,Female,6,2.0,0.8571428571428571,0.9166666666666666,4.2,0.16830171312459674,0.800000011920929
vixholland,Vicky Holland,triathlon,Female,6,2.0,0.8571428571428571,0.9166666666666666,4.2,0.16830171312459674,0.800000011920929
jodieswallow,Jodie Swallow,triathlon,Female,6,2.0,0.8571428571428571,0.9166666666666666,1.2,0.16830171312459674,0.800000011920929
walkerhebborn,Chris Walker-Hebborn,swimming,Male,6,6.0,0.3770491803278688,0.5065217391304347,178.53214285714287,0.15864697698184052,0.3928571343421936
britishrowing,britishrowing,rowing,Organization,6,3.0,0.5789473684210527,0.6969696969696969,4.755555555555555,0.1694790175958391,0.3392857015132904
vballengland,vballengland,beach-volleyball,Organization,6,6.0,0.34210526315789475,0.4653846153846154,313.06904761904764,0.1320655227962908,0.3333333432674408
euan_burton,Euan Burton,judo,Male,6,13.0,0.13423959218351741,0.17500532168253674,826.5498625248625,0.24342474403504677,0.380952388048172
britishjudo,britishjudo,judo,Organization,6,12.0,0.15369649805447472,0.19967966281257413,2151.3201006201,0.2224615087747196,0.36666667461395264
liampitchford,Liam Pitchford,tabletennis,Male,6,9.0,0.20967741935483872,0.2984554334554334,30.95238095238095,0.09726267854515738,0.3571428656578064
djbeachvolley,Jake Sheaf,beach-volleyball,Male,6,5.0,0.38235294117647056,0.48205128205128206,68.49761904761904,0.12016444227152015,0.5714285969734192
lucy_boulton,Lucy Boulton,beach-volleyball,Female,6,5.0,0.3561643835616438,0.4576923076923076,37.45,0.1317747177349536,0.6666666865348816
mariana251,Mariana Agathangelou,badminton,Female,6,3.0,0.6428571428571429,0.7592592592592592,5.949999999999999,0.10648186308128894,0.3611111044883728
tashajonas,Tasha Jonas,boxing,Female,6,2.0,0.6470588235294118,0.7272727272727273,67.98333333333333,0.11916370363586468,0.3571428656578064
pdrinkhall,Paul Drinkhall,tabletennis,Male,6,8.0,0.24621212121212122,0.3348717948717948,79.42765246449457,0.11345659977151777,0.4523809552192688
britishtennis,britishtennis,tennis,Organization,6,12.0,0.17966360856269112,0.23520294126677152,620.4546070103751,0.114583187443507,0.1944444477558136
gbbasketball,Gbbasketball,basketball,Organization,6,4.0,0.55,0.6893939393939393,6.944444444444444,0.1874097041158777,0.4761904776096344
sarahdstevenson,Sarah Stevenson,taekwondo,Female,6,1.0,1.0,1.0,0.2,0.22548810677943962,0.800000011920929
gr1zzotkd,Tony Grisman,taekwondo,Male,6,1.0,1.0,1.0,0.2,0.22548810677943965,0.800000011920929
jopavey,Jo Pavey,athletics,Female,5,5.0,0.36666666666666664,0.4601010101010101,480.9890698736801,0.08501057841883787,0.2666666805744171
hallisseyc,Helen Clitheroe,athletics,Female,5,5.0,0.3707865168539326,0.46414141414141413,210.61666666666667,0.07290628079264024,0.2666666805744171
venuseswilliams,Venus Williams,tennis,Female,5,10.0,0.18518518518518517,0.2263373860182375,368.7074813357321,0.0901997770451332,0.3571428656578064
laurainnes1989,Laura Innes,handball,Female,5,2.0,0.7777777777777778,0.8571428571428571,8.966666666666667,0.1411123588752589,0.4642857015132904
feemc1987,Fiona McCann,waterpolo,Female,5,7.0,0.28125,0.4723544973544974,5.438095238095237,0.14478413207268784,0.4821428656578064
usadiving,usadiving,diving,Organization,5,11.0,0.17591125198098256,0.24300436800436787,436.094543894544,0.09760456792449611,0.3333333432674408
louissmith1989,Louis Smith,gymnastics,Male,5,7.0,0.27439024390243905,0.377089947089947,465.91105469693724,0.14256876415225272,0.190476194024086
dariusknight,Darius Knight,tabletennis,Male,5,7.0,0.2838427947598253,0.3628571428571428,445.07668380213136,0.09454926138798839,0.2321428507566452
lynnehutch94,Lynne Hutchison,gymnastics,Female,5,9.0,0.20361990950226244,0.31604938271604927,42.915155677655676,0.14929975527717246,0.5666666626930237
benmaher1,Ben Maher,equestrianism,Male,5,2.0,0.6470588235294118,0.7272727272727273,9.00952380952381,0.11053812237065863,0.4285714328289032
iamtimstockdale,Tim Stockdale,equestrianism,Male,5,2.0,0.6470588235294118,0.7272727272727273,13.003571428571428,0.12494913110297283,0.3095238208770752
chrisadcock1,Chris Adcock,badminton,Male,5,2.0,0.6923076923076923,0.7777777777777778,2.45,0.21162197812295144,0.6499999761581421
nath_robertson,Nathan Robertson,badminton,Male,5,2.0,0.6923076923076923,0.7777777777777778,4.791666666666666,0.16728245608259815,0.5357142686843872
tom_hide,Tom Hide,canoeing,Male,5,3.0,0.5714285714285714,0.6805555555555555,13.73095238095238,0.25694287671805977,0.550000011920929
sdking4,Scott King,waterpolo,Male,5,4.0,0.45,0.5601851851851852,12.892857142857146,0.1106001121692462,0.75
natalyacoyle,Natalya Coyle,pentathlon,Female,5,3.0,0.6428571428571429,0.7592592592592592,7.305555555555555,0.13008482702526916,0.5
liamtancock,Liam Tancock,swimming,Male,5,6.0,0.3484848484848485,0.48405797101449266,16.45079365079365,0.018348444132919278,0.2638888955116272
jenmac600,Jenmac,shooting,Female,5,9.0,0.2222222222222222,0.2658108866442203,643.9,0.03329227806223822,0.190476194024086
usajudo,USA Judo,judo,Organization,5,11.0,0.17954545454545454,0.23473500831095795,2882.084061659063,0.05717179047142699,0.125
archerygb,Archery GB,archery,Organization,5,5.0,0.3181818181818182,0.4507936507936507,2.25,0.15999883332246073,0.949999988079071
worldarchery,World Archery,archery,Organization,5,5.0,0.3181818181818182,0.4507936507936507,0.2,0.12908392613822425,0.800000011920929
samanthaquek,Samantha Quek,hockey,Female,5,3.0,0.6,0.6944444444444443,7.283766233766233,0.03571063762191546,0.3571428656578064
pdarbydowman,Peter Darby-Dowman,canoeing,Male,5,3.0,0.6,0.6944444444444443,29.62857142857142,0.20747343991036954,0.5
mikeliptrot,Mike Liptrot,judo,Male,5,14.0,0.11960635881907646,0.16111054908523256,48.70119047619048,0.04091282263291279,0.3035714328289032
brittri,British Triathlon,triathlon,Organization,5,2.0,0.8571428571428571,0.9166666666666666,72.7,0.1429379898720015,0.5666666626930237
stuhayes13,Stuart Hayes,triathlon,Male,5,2.0,0.8571428571428571,0.9166666666666666,4.0,0.14901256710115784,0.800000011920929
usa_taekwondo,USA Taekwondo,taekwondo,Organization,5,9.0,0.19104991394148021,0.24869154869154858,1892.4676179084076,0.11278239137831579,0.2857142984867096
dannyraketalbot,Danny Talbot,athletics,Male,5,6.0,0.3173076923076923,0.42676767676767674,148.03571428571428,0.04901249747003148,0.25
philip_hindes,Philip Hindes,cycling,Male,5,3.0,0.47619047619047616,0.5666666666666667,16.93055555555555,0.15988118325319411,0.5333333611488342
ainslieben,Ben Ainslie,sailing,Male,5,3.0,0.6428571428571429,0.7592592592592592,1.2,0.14597283717647697,0.699999988079071
andrewbsimpson,Andrew Simpson,sailing,Male,5,3.0,0.6428571428571429,0.7592592592592592,5.75,0.16162692926063027,0.5333333611488342
uka_athletics,UK Athletics,athletics,Organization,5,6.0,0.3473684210526316,0.44797979797979803,1371.5570458196771,0.22046967562897726,0.261904776096344
iam_yafai,Khalid Yafai,boxing,Male,5,4.0,0.4782608695652174,0.6515151515151515,20.199999999999996,0.07771827821007106,0.30000001192092896
markcavendish,Mark Cavendish,cycling,Male,5,4.0,0.4878048780487805,0.5791666666666666,279.8531746031746,0.12545994310868963,0.23333333432674408
markpearn3,Mark Pearn,hockey,Male,5,3.0,0.5714285714285714,0.6805555555555555,10.211904761904762,0.11815221150854577,0.3095238208770752
jimmyt20,James Tindall,hockey,Male,5,3.0,0.6,0.6944444444444445,6.109523809523809,0.07493967616054846,0.3392857015132904
benhawes14,Ben Hawes,hockey,Male,5,3.0,0.5714285714285714,0.6805555555555555,8.892857142857142,0.12736828145294857,0.375
mteventing,Mary King,equestrianism,Female,5,3.0,0.5789473684210527,0.6969696969696969,5.592857142857143,0.14966630397925698,0.36666667461395264
jdwaller6,Jack Waller,waterpolo,Male,5,3.0,0.5,0.5925925925925928,23.252380952380946,0.1106001121692462,0.4523809552192688
greggweaver062,Gregg Weaver,beach-volleyball,Male,5,5.0,0.3561643835616438,0.45769230769230773,37.2,0.11028331628641039,0.699999988079071
zara_dampney,Zara Dampney,beach-volleyball,Female,5,5.0,0.3561643835616438,0.45769230769230773,37.25,0.13078851235326697,0.800000011920929
scott_evans1,Scott Evans,badminton,Male,5,2.0,0.6923076923076923,0.7777777777777778,5.616666666666665,0.09402639738200058,0.4444444477558136
officialfig,FIG (International Gymnastics Federation),gymnastics,Organization,5,9.0,0.20270270270270271,0.31234567901234556,463.09825571487346,0.10813696776844646,0.3571428656578064
chloewhyte,Chloe Whyte,tabletennis,Female,5,8.0,0.241635687732342,0.32205128205128203,25.0,0.09552586804159166,0.6333333253860474
olivia_federici,Olivia Federici,swimming-sync,Female,5,2.0,0.7272727272727273,0.8125,4.4,0.1423119750074556,0.5
lewis_oliva,Lewis Oliva,cycling,Male,5,4.0,0.425531914893617,0.5333333333333333,47.65555555555556,0.08939294230104683,0.4000000059604645
luoldeng9,Luol Deng,basketball,Male,5,3.0,0.5789473684210527,0.6969696969696969,4.794444444444444,0.10216172923706206,0.4464285671710968
fiba,FIBA (International Basketball Federation),basketball,Organization,5,4.0,0.55,0.6893939393939393,12.783333333333333,0.16943915334010395,0.6000000238418579
devonvanoostrum,Devon van Oostrum,basketball,Male,5,4.0,0.55,0.6893939393939393,6.244444444444445,0.17032891628879218,0.46666666865348816
johnmacleary,John MacLeary,cycling,Male,5,4.0,0.4444444444444444,0.55,10.24126984126984,0.10126485746954961,0.3214285671710968
geraintthomas86,Geraint Thomas,cycling,Male,5,5.0,0.46511627906976744,0.5725,44.32698412698413,0.19841923971783593,0.2666666805744171
jadefaulkner,Jade Faulkner,gymnastics,Female,4,9.0,0.20270270270270271,0.31234567901234556,84.42454212454213,0.08066676187759882,0.5
andy_murray,Andy Murray,tennis,Male,4,11.0,0.18860353130016053,0.24037502686438902,655.3056375229145,0.08327770155938025,0.3571428656578064
stanwawrinka,Stan Wawrinka,tennis,Male,4,11.0,0.16666666666666666,0.20879616837063672,89.1560568056698,0.030711159289916308,0.3333333432674408
tsonga7,Jo-Wilfried Tsonga,tennis,Male,4,11.0,0.16262975778546712,0.20016563814436183,41.32476780185758,0.05071126063350482,0.3333333432674408
nickrb,Nick Robinson-Baker,diving,Male,4,3.0,0.5294117647058824,0.6111111111111112,94.0616883116883,0.13404713744306368,0.3571428656578064
abaengland,England Boxing,boxing,Organization,4,4.0,0.4642857142857143,0.6153846153846153,5.133333333333334,0.006947242014263036,0.3194444477558136
mj88live,Michael Jamieson,swimming,Male,4,5.0,0.42592592592592593,0.5304347826086957,1228.8797619047618,0.03303569490200176,0.190476194024086
fie_en,FIE (International Fencing Federation),fencing,Organization,4,3.0,0.5357142857142857,0.6333333333333333,17.9,0.14231711050728552,0.36666667461395264
hannahelawrence,Hannah Lawrence,fencing,Female,4,3.0,0.5357142857142857,0.6333333333333334,7.220382395382395,0.1907301803522931,0.4333333373069763
tashadanvers,Tasha Danvers,athletics,Female,4,6.0,0.28695652173913044,0.39949494949494935,12.480647130647132,0.029187248684791264,0.2142857164144516
goldiesayers,Goldie Sayers,athletics,Female,4,6.0,0.2661290322580645,0.37777777777777755,41.978943278943284,0.12072604253194016,0.3035714328289032
richm6,Richard Mantell,hockey,Male,4,3.0,0.5909090909090909,0.6794871794871794,9.10952380952381,0.0158742111671468,0.2777777910232544
gcp01,Glenn Kirkham,hockey,Male,4,3.0,0.5454545454545454,0.6666666666666666,3.1761904761904765,0.22148111821525648,0.5666666626930237
glenrob89,Glen Robinson,waterpolo,Male,4,3.0,0.47368421052631576,0.5740740740740741,90.67857142857143,0.09083784296700087,0.6000000238418579
uipm_hq,UIPM (International Modern Pentathlon Union),pentathlon,Organization,4,3.0,0.6428571428571429,0.7592592592592592,8.5,0.09986886155209863,0.5
gorgsgeikie,Georgina Geikie,shooting,Female,4,8.0,0.205607476635514,0.25466570466570493,227.98333333333332,0.03560965349799521,0.2142857164144516
pentathlongb,Pentathlon GB,pentathlon,Organization,4,2.0,0.6923076923076923,0.7777777777777778,8.5,0.13904609349920874,0.6333333253860474
franhalsall,Fran Halsall,swimming,Female,4,5.0,0.3770491803278688,0.5007246376811593,94.35515873015873,0.030021895272328635,0.3571428656578064
hannahmiley89,Hannah Miley,swimming,Female,4,5.0,0.42592592592592593,0.5304347826086958,125.96107503607502,0.03128818554801969,0.261904776096344
matchracegirls,Match Race Girls,sailing,Organization,4,2.0,0.6923076923076923,0.7777777777777778,6.033333333333333,0.08416102305643672,0.5
isafupdates,World Sailing,sailing,Organization,4,2.0,0.6923076923076923,0.7777777777777778,5.0,0.09498972867767765,0.6000000238418579
abiwalker24,Abi Walker,hockey,Female,4,2.0,0.631578947368421,0.7083333333333334,23.572294372294373,0.04413244398408819,0.2666666805744171
dannyharper2012,Danny Harper,judo,Male,4,14.0,0.11960635881907646,0.16111054908523256,5.283333333333333,0.024684032828912503,0.380952388048172
hollie_avil,Hollie Avil,triathlon,Female,4,2.0,0.8571428571428571,0.9166666666666666,4.0,0.11643139239588254,0.800000011920929
alibrownleetri,Alistair Brownlee,triathlon,Male,4,2.0,0.8571428571428571,0.9166666666666666,0.7,0.11703267013926456,0.8500000238418579
anniepanter,Annie Panter,hockey,Female,4,2.0,0.631578947368421,0.7083333333333334,37.48896103896104,0.09618790636652087,0.3095238208770752
siobhanmoconnor,Siobhan-Marie O’Connor,swimming,Female,4,5.0,0.39655172413793105,0.5137681159420289,120.84166666666667,0.04845918820733291,0.36666667461395264
davidcarry,David Carry,swimming,Male,4,5.0,0.41818181818181815,0.5268115942028986,83.2673520923521,0.027029125166935605,0.2678571343421936
jodiealicia27,Jodie Alicia,athletics,Female,4,6.0,0.32673267326732675,0.43686868686868685,132.7515584250481,0.047416685071933765,0.25
jojackson2012,Jo Jackson,athletics,Female,4,5.0,0.375,0.46666666666666673,17.710714285714285,0.05201684245189776,0.3095238208770752
davedaniell,Dave Daniell,cycling,Male,4,3.0,0.5263157894736842,0.6,66.07301587301586,0.06594571288753402,0.1964285671710968
chrishoy,Chris Hoy,cycling,Male,4,5.0,0.4444444444444444,0.5558333333333333,34.41071428571429,0.09207809369688577,0.3499999940395355
katelaven,Kate Laven,sailing,Female,4,3.0,0.6428571428571429,0.7592592592592592,3.033333333333333,0.11959654937342147,0.6000000238418579
englandathletic,England Athletics,athletics,Organization,4,5.0,0.375,0.4641414141414142,173.6091520467837,0.04981327227983137,0.190476194024086
adambrownswim,Adam Brown,swimming,Male,4,6.0,0.3770491803278688,0.5065217391304347,66.56248196248197,0.19616085409718553,0.2666666805744171
synchrod,Unidentified,swimming-sync,Undefined,4,2.0,0.7272727272727273,0.8125,0.7,0.17734749875228473,0.699999988079071
skeltonnick,Nick Skelton,equestrianism,Male,4,2.0,0.6470588235294118,0.7272727272727273,5.416666666666666,0.10766654980724272,0.23333333432674408
jacklaugher,Jack Laugher,diving,Male,4,4.0,0.43902439024390244,0.5555555555555557,1.6166666666666667,0.144117777169836,0.5666666626930237
bwfmedia,BWF (Badminton World Federation),badminton,Organization,4,2.0,0.6923076923076923,0.7777777777777778,3.5,0.07627159443784724,0.380952388048172
badmlntonenglnd,Badminton England,badminton,Organization,4,2.0,0.6923076923076923,0.7777777777777778,2.658333333333333,0.13501094285340698,0.5666666626930237
ettatabletennis,English Table Tennis Association,tabletennis,Organization,4,8.0,0.241635687732342,0.32205128205128203,217.10909817138784,0.07354988748559486,0.5
jknobbs,Jessica Knobbs,swimming-sync,Female,4,2.0,0.7272727272727273,0.8125,0.9,0.1283028691096189,0.6333333253860474
nwilson79pistol,Nick Wilson,shooting,Male,4,9.0,0.1836734693877551,0.2364017155683824,257.5833333333333,0.027310812936836897,0.0535714291036129
lanibelcher,Lani Belcher,canoeing,Female,4,3.0,0.6,0.6944444444444443,20.077777777777776,0.10392546564426498,0.25
louisasawers,Louisa Sawers,canoeing,Female,4,3.0,0.5714285714285714,0.6805555555555555,23.23412698412698,0.13460019450585795,0.44999998807907104
ashleyjackson7,Ashley Jackson,hockey,Male,4,3.0,0.5714285714285714,0.6805555555555557,6.51904761904762,0.11644814212879487,0.4523809552192688
francescasnell,Francesca Snell,waterpolo,Female,4,5.0,0.4,0.5407407407407407,82.15,0.1624541014031569,0.5952380895614624
rosiemorris86,Rosie Morris,waterpolo,Female,4,6.0,0.3333333333333333,0.5037037037037035,11.485714285714286,0.20704768643547813,0.7666666507720947
itfprocircuit,ITF (International Tennis Federation),tennis,Organization,4,11.0,0.17317612380250552,0.21478907617205523,68.00440152940153,0.08035636446485828,0.36666667461395264
gael_monfils,Gaël Monfils,tennis,Male,3,11.0,0.16857962697274032,0.2087860366583774,97.26084279983189,0.025690926358120897,0.4333333373069763
britishhandball,British Handball,handball,Organization,3,3.0,0.6428571428571429,0.7592592592592592,106.38809523809523,0.03394353203538248,0.3571428656578064
mikebourne2,Mike Bourne,waterpolo,Male,3,3.0,0.5142857142857142,0.6018518518518519,10.985714285714284,0.02461867169949619,0.261904776096344
rdrabswaterpolo,RDRABS Water Polo,waterpolo,Organization,3,7.0,0.28125,0.4723544973544974,1.9833333333333332,0.07816005395111271,0.5714285969734192
andrewswillis,Andrew Willis,swimming,Male,3,4.0,0.4423076923076923,0.5398550724637682,298.36904761904765,0.029346439306629404,0.30000001192092896
britishfencing,British Fencing,fencing,Organization,3,4.0,0.5357142857142857,0.6388888888888888,41.574603174603176,0.1461465624733827,0.4333333373069763
heatherfellnews,Heather Fell,pentathlon,Female,3,3.0,0.6428571428571429,0.7592592592592592,10.275,0.08185362624127393,0.6000000238418579
allysonfelix,Allyson Felix,athletics,Female,3,9.0,0.21183206106870228,0.2714214214214213,1516.341421226252,0.08166344362335837,0.4047619104385376
andyhalliday3,Andy Halliday,hockey,Male,3,2.0,0.6190476190476191,0.6923076923076923,9.91904761904762,0.010250215215834153,0.2321428507566452
gymnast_rachel,Rachel Smith,gymnastics,Female,3,9.0,0.20361990950226244,0.31604938271604927,6.277655677655678,0.07656140671591202,0.6000000238418579
will_whitaker,Will Whitaker,equestrianism,Male,3,2.0,0.6470588235294118,0.7272727272727273,2.676190476190476,0.050232827199113976,0.4333333373069763
planetcanoe,Planet Canoe,canoeing,Organization,3,3.0,0.56,0.6547619047619048,114.06111111111112,0.009455086132532854,0.1964285671710968
daniels_andrew,Andrew Daniels,canoeing,Male,3,3.0,0.5217391304347826,0.6527777777777777,7.716666666666665,0.09976979455911192,0.6666666865348816
ec93,Ella Chadderton,waterpolo,Female,3,4.0,0.4864864864864865,0.5925925925925927,95.36190476190475,0.05156922218765119,0.3333333432674408
issf_shooting,ISSF (International Shooting Sport Federation),shooting,Organization,3,9.0,0.205607476635514,0.2549282507615842,224.51666666666665,0.011320436305382346,0.2380952388048172
battz007,Michelle Bagot,shooting,Female,3,8.0,0.2108626198083067,0.2590307840307842,112.78333333333332,0.019603224605603944,0.36666667461395264
alexdanson15,Alex Danson,hockey,Female,3,4.0,0.48,0.6388888888888888,1.4928571428571429,0.1193533006378094,0.699999988079071
katewalsh11,Kate Walsh,hockey,Female,3,5.0,0.43333333333333335,0.6051282051282051,5.983333333333334,0.007535773408659882,0.3928571343421936
gbcanoeing,GB Canoeing,canoeing,Organization,3,3.0,0.5652173913043478,0.6666666666666667,24.755555555555556,0.009152169696834508,0.3571428656578064
iaaforg,IAAF (International Association of Athletics Federations),athletics,Organization,3,5.0,0.39759036144578314,0.48686868686868695,58.33454887218044,0.017092467691922762,0.1666666716337204
mlewisfrancis,Mark Lewis-Francis,athletics,Male,3,6.0,0.3173076923076923,0.42676767676767674,13.791666666666668,0.018277624136247738,0.3095238208770752
mbingham400m,Martyn Rooney,athletics,Male,3,7.0,0.29464285714285715,0.42936507936507934,266.1150793650794,0.03604349167942023,0.2142857164144516
hatts_archer,Hannah Archer,athletics,Female,3,6.0,0.3626373626373626,0.46515151515151515,16.313203463203465,0.0752473234316403,0.4000000059604645
v_pendleton,Victoria Pendleton,cycling,Female,3,4.0,0.46511627906976744,0.5666666666666667,14.605555555555556,0.0574529659872533,0.30000001192092896
bradwiggins,Bradley Wiggins,cycling,Male,3,4.0,0.4878048780487805,0.5791666666666667,44.13333333333333,0.0812537692839806,0.30000001192092896
j_ennis,Jessica Ennis-Hill,athletics,Female,3,6.0,0.30327868852459017,0.40810810810810794,33.519444444444446,0.014670341608522965,0.190476194024086
jennartweets,Jenna Randall,swimming-sync,Female,3,2.0,0.7272727272727273,0.8125,11.68982683982684,0.08277520148179149,0.5
leonrwrestler,Leon Rattigan,wrestling,Male,3,5.0,0.4050632911392405,0.496875,522.3971568971568,0.019017609615690143,0.1785714328289032
jordyn_wieber,Jordyn Wieber,gymnastics,Female,3,10.0,0.20631970260223048,0.2772951522951521,1658.947580001698,0.06862739857400293,0.3499999940395355
gbmenswaterpolo,GB Men’s Water Polo,waterpolo,Organization,3,3.0,0.5294117647058824,0.6111111111111112,37.24285714285714,0.04147232054866793,0.30000001192092896
katehaywood,Kate Haywood,swimming,Female,3,5.0,0.4107142857142857,0.5246376811594203,83.18333333333335,0.048651119392808403,0.3095238208770752
adfleshner,Andrew Fleshner,diving,Male,3,11.0,0.17647058823529413,0.24525662025662015,131.6719433719434,0.06299461948554864,0.5
mgwrestling,Michael Gane,wrestling,Male,3,12.0,0.16790648246546228,0.23667484063053676,965.5221568971568,0.018535467477215975,0.23333333432674408
jessicawalker10,Jessica Walker,canoeing,Female,3,3.0,0.6,0.6944444444444445,2.7039682539682537,0.0698991077957062,0.3499999940395355
judo_kayla,Kayla Harrison,judo,Female,3,14.0,0.11960635881907646,0.16111054908523254,23.217857142857138,0.02548462454258985,0.4047619104385376
abrogdon11,Abi Ogogo,hockey,Female,3,3.0,0.5483870967741935,0.6274509803921569,10.519047619047619,0.00909761695844416,0.2142857164144516
kizzleroberts,Kizzie Roberts,fencing,Female,3,3.0,0.5555555555555556,0.6444444444444444,10.173484848484849,0.05461742255312709,0.36666667461395264
bethtweddlenews,Beth Tweddle,gymnastics,Female,3,7.0,0.27607361963190186,0.3763492063492063,370.2011227497993,0.11867198577680214,0.550000011920929
menshockey2012,GB Men’s Hockey,hockey,Organization,3,3.0,0.53125,0.6176470588235294,12.966666666666669,0.010074223612047446,0.190476194024086
runbadders,Chris Adcock,athletics,Male,2,5.0,0.35106382978723405,0.44848484848484843,5.661904761904762,0.021071380458167834,0.46666666865348816
gbrvolleyball,GB Volleyball,beach-volleyball,Organization,2,5.0,0.4,0.5012820512820513,36.13095238095237,0.05130468151315508,0.3499999940395355
megandiver,Megan Diver,diving,Female,2,4.0,0.45,0.5648148148148149,4.142857142857142,0.043775467570488544,0.5666666626930237
daniel_mingbok,Daniel Mingbok,fencing,Male,2,3.0,0.5769230769230769,0.6555555555555556,25.349999999999984,0.07671091464236465,0.44999998807907104
chris_bartleygb,Chris Bartley,rowing,Male,2,3.0,0.5714285714285714,0.6805555555555555,3.7555555555555555,0.004450227660734805,0.4285714328289032
usashooting,USA Shooting,shooting,Organization,2,8.0,0.2465753424657534,0.29238816738816775,624.5333333333333,0.013621759480202607,0.06666667014360428
natalieseymour9,Natalie Seymour,hockey,Female,2,3.0,0.5769230769230769,0.6555555555555556,5.666666666666666,0.005048357783214965,0.20000000298023224
niallstott16,Niall Stott,hockey,Male,2,3.0,0.5151515151515151,0.607843137254902,10.916666666666668,0.011331631378894997,0.30000001192092896
britishsailing,British Sailing,sailing,Organization,2,2.0,0.6923076923076923,0.7777777777777778,2.333333333333333,0.04947494198016833,0.6000000238418579
exmouth49er,Exmouth 49er,sailing,Organization,2,2.0,0.6923076923076923,0.7777777777777778,0.5833333333333333,0.03826909615609025,0.699999988079071
usawrestling,USA Wrestling,wrestling,Organization,2,10.0,0.21322537112010798,0.27932991762105686,3194.497156897157,0.0202765169222549,0.13333334028720856
chooky13,Unidentified,wrestling,Undefined,2,11.0,0.19082125603864733,0.25950896852795613,228.66666666666669,0.013225533940743496,0.3499999940395355
richardhounslow,Richard Hounslow,canoeing,Male,2,3.0,0.5833333333333334,0.6666666666666666,3.9777777777777774,0.005048357783214965,0.30000001192092896
stownsend7,Sam Townsend,hockey,Male,2,3.0,0.6,0.6944444444444443,8.391341991341992,0.035884785985841494,0.5333333611488342
kirsty_mackay_2,Kirsty Mackay,hockey,Female,2,3.0,0.5714285714285714,0.6805555555555557,1.75,0.02443309595804618,0.550000011920929
sjlowe,Sarah Lowe,judo,Female,2,14.0,0.11951588502269289,0.16005569676455741,22.616666666666664,0.06501122922876112,0.699999988079071
lisafencing,Lisa McKenzie,fencing,Female,2,3.0,0.5555555555555556,0.6444444444444444,6.801190476190476,0.03857891450450818,0.30000001192092896
jazzcarlin,Jazz Carlin,swimming,Female,2,6.0,0.36363636363636365,0.492361111111111,13.13968253968254,0.004450227660734805,0.2380952388048172
gilly2silly,Gilly Silly,swimming,Female,2,5.0,0.3898305084745763,0.5065217391304347,5.550000000000001,0.014543876415682297,0.36666667461395264
usagym,USA Gymnastics,gymnastics,Organization,2,10.0,0.20108695652173914,0.27656942656942646,562.1098917748917,0.029785501210676236,0.10000000149011612
hes888,Unidentified,rowing,Undefined,2,2.0,0.6470588235294118,0.7272727272727273,3.469047619047619,0.05202868526946896,0.4333333373069763
kellysotherton,Kelly Sotherton,athletics,Female,2,6.0,0.28695652173913044,0.39949494949494935,130.95946275946275,0.12363548505087658,0.550000011920929
discusdan,Daniel Greaves,athletics,Male,2,6.0,0.2894736842105263,0.4010101010101009,11.426190476190476,0.01474320118427679,0.4761904776096344
williamsharman,William Sharman,athletics,Male,2,6.0,0.28688524590163933,0.39333333333333315,18.15934065934066,0.007157474417158361,0.3333333432674408
gbboxing,GB Boxing,boxing,Organization,2,3.0,0.5714285714285714,0.6805555555555555,2.7333333333333334,0.007380047621544648,0.523809552192688
usfencing,USA Fencing,fencing,Organization,2,3.0,0.5333333333333333,0.6250000000000001,546.6666666666666,0.012809606546642845,0.2142857164144516
richardlawlor,Richard Lawlor,waterpolo,Male,2,4.0,0.43902439024390244,0.5555555555555556,10.666666666666664,0.04995529883452597,0.699999988079071
dan00clark,Dan Clark,basketball,Male,2,3.0,0.6111111111111112,0.712121212121212,2.1999999999999997,0.011051854603991515,0.4761904776096344
chan2211,Chantelle Handy,basketball,Female,2,4.0,0.55,0.6893939393939393,11.5,0.0380537581904437,0.6000000238418579
rs_smudge,Richard Smith,hockey,Male,2,2.0,0.6190476190476191,0.6923076923076923,4.266666666666666,0.003473621007131518,0.3333333432674408
djsweeneygb,David Sweeney,wrestling,Male,2,12.0,0.16880341880341881,0.2401558532887646,12.041666666666666,0.013225533940743496,0.30000001192092896
mrleepearsoncbe,Lee Pearson,equestrianism,Male,2,3.0,0.5714285714285714,0.6805555555555555,12.95,0.003473621007131518,0.3333333432674408
acbilardi,Alessio Bilardi,fencing,Male,2,3.0,0.5357142857142857,0.6333333333333333,1.0984848484848484,0.04204443683763347,0.6000000238418579
synchroloz,Lauren Smith,swimming-sync,Female,2,2.0,0.6923076923076923,0.7777777777777778,113.48860028860024,0.009374463140114045,0.3333333432674408
bloomy181,Marcus Bloomfield,cycling,Male,2,4.0,0.425531914893617,0.5333333333333334,2.9222222222222225,0.021780544709261464,0.5
louisehazel,Louise Hazel,athletics,Female,2,6.0,0.2905982905982906,0.4024509803921567,6.6857448107448105,0.011046754281728768,0.3333333432674408
mo_farah,Mo Farah,athletics,Male,2,5.0,0.3592233009708738,0.4454954954954955,93.69645476567672,0.012239504331565112,0.1666666716337204
verazvonareva,Vera Zvonareva,tennis,Female,2,12.0,0.16584333098094567,0.2087321543704526,45.747203793798235,0.020308873454582935,0.46666666865348816
emsmithgymnast,Emily Smith,gymnastics,Female,1,9.0,0.20361990950226244,0.31604938271604927,1.0357142857142856,0.017743640450166777,0.44999998807907104
charliepurdue,Charlie Purdue,athletics,Female,1,5.0,0.4125,0.495959595959596,28.03906987368085,0.020102932402196832,0.15000000596046448
lynn_gbhandball,Lynn McCafferty,handball,Female,1,3.0,0.6428571428571429,0.7592592592592592,0.2,0.0030368367282477757,0.75
ciaranwilliams,Ciaran Williams,handball,Male,1,2.0,0.7777777777777778,0.8571428571428571,0.819047619047619,0.05788102677428409,0.8500000238418579
jwariner,Jeremy Wariner,athletics,Male,1,5.0,0.3854166666666667,0.47027027027027024,3.0,0.001736810503565759,0.13333334028720856
tysonlgay,Tyson Gay,athletics,Male,1,6.0,0.34,0.44411764705882345,4.4633699633699635,0.002713417157169042,0.30000001192092896
gb_wpolo_girls,GB Women's Water Polo,waterpolo,Organization,1,4.0,0.46153846153846156,0.5694444444444444,1.0333333333333332,0.01129685106574554,0.6000000238418579
michaelphelps,Michael Phelps,swimming,Male,1,10.0,0.21595330739299612,0.2954704704704704,1227.1666666666665,0.015299671380919002,0.20000000298023224
tom_mottershead,Tom Mottershead,fencing,Male,1,3.0,0.5333333333333333,0.625,0.8333333333333333,0.001736810503565759,0.5
zacpurchase,Zac Purchase,rowing,Male,1,3.0,0.6,0.6944444444444445,1.5,0.001736810503565759,0.3333333432674408
imogenwalsh,Imogen Walsh,rowing,Female,1,2.0,0.631578947368421,0.7083333333333334,2.083333333333333,0.001736810503565759,0.30000001192092896
marielzagunis,Mariel Zagunis,fencing,Female,1,10.0,0.1923743500866551,0.2595774345774345,46.716450216450205,0.022525724483963217,0.699999988079071
cristacullen5,Crista Cullen,hockey,Female,1,3.0,0.5555555555555556,0.6444444444444445,2.3499999999999996,0.004062152401528364,0.30000001192092896
christianm200,Christian Malcolm,athletics,Male,1,7.0,0.28448275862068967,0.4116883116883116,4.7,0.010299143924287463,0.2666666805744171
englandhockey,England Hockey,hockey,Organization,1,4.0,0.4305555555555556,0.5080645161290324,15.366666666666665,0.001736810503565759,0.1666666716337204
matthew_mitcham,Matthew Mitcham,diving,Male,1,12.0,0.15767045454545456,0.22768352768352756,120.70666510666508,0.022525724483963217,0.46666666865348816
welshrowing,Welsh Rowing,rowing,Organization,1,3.0,0.5652173913043478,0.6666666666666666,1.1666666666666665,0.001736810503565759,0.4000000059604645
ge0rgiadavies90,Georgia Davies,swimming,Female,1,6.0,0.3472222222222222,0.4753333333333332,3.4000000000000004,0.001736810503565759,0.3333333432674408
keriannepayne,Keri-anne Payne,swimming,Female,1,5.0,0.42105263157894735,0.5256944444444444,12.216666666666665,0.001736810503565759,0.2666666805744171
proctormark,Mark Proctor,canoeing,Male,1,3.0,0.56,0.6547619047619049,0.2,0.004062152401528364,0.5
annameares,Anna Meares,cycling,Female,1,4.0,0.4883720930232558,0.5753968253968255,4.166666666666666,0.001736810503565759,0.36666667461395264
marcol89,Marco Loughran,swimming,Male,1,6.0,0.3484848484848485,0.4826086956521739,0.6111111111111112,0.054510130220055686,0.6499999761581421
bengregz,Ben Gregory,athletics,Male,1,7.0,0.2975206611570248,0.4213624338624339,83.25,0.009896424097706195,0.1666666716337204
lemonruns,Andrew Lemoncello,athletics,Male,1,6.0,0.3238095238095238,0.42401960784313714,1.952380952380952,0.001736810503565759,0.5
bobby_white_12,Bobby White,handball,Male,1,2.0,0.6923076923076923,0.7777777777777778,0.5,0.0030368367282477757,0.6499999761581421
eha_official,England Handball,handball,Organization,1,3.0,0.6428571428571429,0.7592592592592592,6.914285714285715,0.009548414296143943,0.6000000238418579
cyclingaustrack,Cycling Australia Track,cycling,Organization,1,3.0,0.5,0.5793650793650795,2.8333333333333326,0.001736810503565759,0.36666667461395264
usainbolt,Usain Bolt,athletics,Male,1,6.0,0.3430232558139535,0.4110169491525423,612.513202180479,0.019154011995904233,0.10000000149011612
bccoaches,BC Coaches,cycling,Organization,1,4.0,0.44680851063829785,0.5476190476190477,4.233333333333333,0.001736810503565759,0.30000001192092896
divingbarcelona,Diving Barcelona,diving,Organization,1,12.0,0.15864022662889518,0.23011492475778178,93.25,0.001736810503565759,0.5
reubenross,Reuben Ross,diving,Male,1,11.0,0.17903225806451614,0.24961097461097448,17.878743028743024,0.014859442403298093,0.550000011920929
peterwaterfield,Peter Waterfield,diving,Male,1,4.0,0.45,0.5648148148148149,3.6690476190476184,0.0571334444517625,0.6000000238418579
damekellyholmes,Dame Kelly Holmes,athletics,Female,1,6.0,0.37,0.46441441441441433,28.995238095238093,0.005457890720587421,0.13333334028720856
nicolaadams2012,Nicola Adams,boxing,Female,1,3.0,0.6111111111111112,0.7121212121212122,0.5,0.026302343750383716,0.6000000238418579
ittfworld,ITTF (International Table Tennis Federation),tabletennis,Organization,1,9.0,0.2082018927444795,0.2901455026455026,4.976190476190476,0.001736810503565759,0.6000000238418579
jesshopton1,Jessica Hopton,badminton,Female,1,2.0,0.6470588235294118,0.7272727272727273,1.25,0.0030368367282477757,0.44999998807907104
jaddsmith,Jadd Smith,waterpolo,Male,1,6.0,0.3333333333333333,0.5037037037037035,1.2333333333333332,0.06066793034069741,0.699999988079071
badaust,Badminton Australia,badminton,Organization,1,2.0,0.6470588235294118,0.7272727272727273,0.75,0.0030368367282477757,0.44999998807907104
englandbball,England Basketball,basketball,Organization,1,4.0,0.55,0.6893939393939393,0.0,0.031900267734151964,0.75
harrymartin_9,Harry Martin,hockey,Male,1,3.0,0.6,0.6944444444444443,1.7261904761904758,0.08150426674035582,0.550000011920929
sonnywebstergb,Sonny Webster,weightlifting,Male,1,8.0,0.25287356321839083,0.34873737373737373,53.32380952380952,0.001736810503565759,0.1666666716337204
usath,USA Team Handball,handball,Organization,0,3.0,0.625,0.7333333333333333,0.0,0.0,0.6499999761581421
aiba_boxing,AIBA (International Boxing Association),boxing,Organization,0,3.0,0.56,0.6547619047619049,0.0,0.0,0.3499999940395355
wsb_boxing,World Series of Boxing,boxing,Organization,0,3.0,0.5833333333333334,0.6666666666666667,0.0,0.0,0.25
perryrockeed,Perry Rockeed,boxing,Male,0,4.0,0.4666666666666667,0.6071428571428571,0.0,0.0,0.699999988079071
dingsy_1,Ding Yanyuhang,boxing,Male,0,3.0,0.56,0.6547619047619048,0.0,0.0,0.44999998807907104
beckadlington,Rebecca Adlington,swimming,Female,0,4.0,0.4444444444444444,0.5381944444444445,0.0,0.0,0.4000000059604645
louisehelyer,Louise Helyer,pentathlon,Female,0,4.0,0.41935483870967744,0.5096153846153847,0.0,0.0,0.44999998807907104
alextofalides,Alex Tofalides,fencing,Male,0,3.0,0.5483870967741935,0.627450980392157,0.0,0.0,0.6000000238418579
chrishay2011,Chris Hay,fencing,Male,0,3.0,0.49056603773584906,0.5576923076923077,0.0,0.0,0.05000000074505806
jamescracknell,James Cracknell,rowing,Male,0,3.0,0.6,0.6944444444444443,0.0,0.0,0.550000011920929
lauraunsworth4,Laura Unsworth,hockey,Female,0,2.0,0.5925925925925926,0.65625,0.0,0.0,0.4000000059604645
rspringham15,Rob Springham,hockey,Male,0,4.0,0.5,0.5972222222222222,0.0,0.0,0.3499999940395355
johnwhitakerint,John Whitaker,equestrianism,Male,0,2.0,0.631578947368421,0.7083333333333334,0.0,0.0,0.44999998807907104
rowingaust,Rowing Australia,rowing,Organization,0,3.0,0.5833333333333334,0.6666666666666666,0.0,0.0,0.3499999940395355
itsstephrice,Stephanie Rice,swimming,Female,0,5.0,0.4,0.5083333333333334,0.0,0.0,0.4000000059604645
stephproud88,Stephanie Proud,swimming,Female,0,6.0,0.41379310344827586,0.5291666666666667,0.0,0.0,0.3499999940395355
richardwebb87,Richard Webb,swimming,Male,0,4.0,0.4642857142857143,0.5416666666666667,0.0,0.0,0.15000000596046448
neilstirton,Neil Stirton,shooting,Male,0,8.0,0.2300578034682081,0.2716200047858343,0.0,0.0,0.44999998807907104
frannywill,Francesca Willard,swimming,Female,0,7.0,0.2749003984063745,0.3680814354727398,0.0,0.0,0.10000000149011612
elliesimmonds1,Ellie Simmonds,swimming,Female,0,5.0,0.3787878787878788,0.49399999999999994,0.0,0.0,0.3499999940395355
usacanoekayak,USA Canoe/Kayak,canoeing,Organization,0,3.0,0.56,0.6547619047619048,0.0,0.0,0.550000011920929
intjudofed,IJF (International Judo Federation),judo,Organization,0,12.0,0.15451895043731778,0.20261668799404642,0.0,0.0,0.4000000059604645
emilyjadejudo,Emily Jade,judo,Female,0,12.0,0.1546692607003891,0.20366490602339649,0.0,0.0,0.44999998807907104
uci_cycling,UCI (Union Cycliste Internationale),cycling,Organization,0,5.0,0.43137254901960786,0.5356060606060606,0.0,0.0,0.550000011920929
petereednikon,Peter Reed,rowing,Male,0,2.0,0.631578947368421,0.7083333333333334,0.0,0.0,0.44999998807907104
graeme_thomas,Graeme Thomas,rowing,Male,0,3.0,0.5833333333333334,0.6666666666666666,0.0,0.0,0.20000000298023224
annyonuora,Anya Onuora,athletics,Female,0,6.0,0.3300970873786408,0.4387254901960784,0.0,0.0,0.5
lauraturner100,Laura Turner,athletics,Female,0,7.0,0.288135593220339,0.4118347338935574,0.0,0.0,0.550000011920929
chrissyohuruogu,Christine Ohuruogu,athletics,Female,0,6.0,0.3269230769230769,0.4397058823529411,0.0,0.0,0.3499999940395355
emilymaguire23,Emily Maguire,hockey,Female,0,4.0,0.45161290322580644,0.6011904761904762,0.0,0.0,0.6499999761581421
blankavlasic,Blanka Vlašić,athletics,Female,0,5.0,0.37362637362637363,0.4637254901960784,0.0,0.0,0.25
rudishadavid,Rudiša David,athletics,Male,0,5.0,0.3838383838383838,0.4666666666666666,0.0,0.0,0.25
nicolecooke2012,Nicole Cooke,cycling,Female,0,4.0,0.4772727272727273,0.5674603174603176,0.0,0.0,0.4000000059604645
holliea2012,Hollie Arnold,athletics,Female,0,5.0,0.3560606060606061,0.4312056737588653,0.0,0.0,0.20000000298023224
iwfnet,IWF (International Weightlifting Federation),weightlifting,Organization,0,9.0,0.19888991674375578,0.25318014027316377,0.0,0.0,0.05000000074505806
anthonyogogo,Anthony Ogogo,boxing,Male,0,2.0,0.631578947368421,0.7083333333333334,0.0,0.0,0.6499999761581421
iainweaver,Iain Weaver,boxing,Male,0,2.0,0.631578947368421,0.7083333333333334,0.0,0.0,0.5
ucitrackworlds,UCI Track Cycling World Championships,cycling,Organization,0,4.0,0.4423076923076923,0.5398550724637681,0.0,0.0,0.20000000298023224
tkd_america,USA Taekwondo,taekwondo,Organization,0,9.0,0.18152350081037277,0.23887117346938763,0.0,0.0,0.5
usawp,USA Water Polo,waterpolo,Organization,0,11.0,0.18714285714285714,0.26361653613562014,0.0,0.0,0.10000000149011612
bengordon8,Ben Gordon,basketball,Male,0,3.0,0.5714285714285714,0.6805555555555555,0.0,0.0,0.5
smantell8,Steve Mantell,hockey,Male,0,3.0,0.5909090909090909,0.6794871794871795,0.0,0.0,0.6499999761581421
nickcatlin8,Nick Catlin,hockey,Male,0,3.0,0.5833333333333334,0.6666666666666667,0.0,0.0,0.4000000059604645
steve_gladding,Steve Gladding,diving,Male,0,13.0,0.14125,0.2094097151619275,0.0,0.0,0.6499999761581421
ankyvangrunsven,Anky van Grunsven,equestrianism,Female,0,3.0,0.5909090909090909,0.6794871794871794,0.0,0.0,0.4000000059604645
bethrodford,Beth Rodford,rowing,Female,0,2.0,0.631578947368421,0.7083333333333334,0.0,0.0,0.5
tomdaley1994,Tom Daley,diving,Male,0,8.0,0.2549019607843137,0.34241758241758236,0.0,0.0,0.4000000059604645
scottisharchery,Scottish Archery,archery,Organization,0,5.0,0.3235294117647059,0.45303030303030295,0.0,0.0,0.949999988079071
kirkbridepeter,Peter Kirkbride,weightlifting,Male,0,13.0,0.1407079646017699,0.20168280356959592,0.0,0.0,0.30000001192092896
robertbouten,Robert Bouten,canoeing,Male,0,3.0,0.5483870967741935,0.6274509803921569,0.0,0.0,0.20000000298023224
beach_volley_uk,Beach Volleyball UK,beach-volleyball,Organization,0,5.0,0.36,0.45925925925925926,0.0,0.0,0.800000011920929
darrencheesman,Darren Cheesman,hockey,Male,0,5.0,0.3793103448275862,0.4727272727272728,0.0,0.0,0.20000000298023224
cann213,Chris Adcock,badminton,Male,0,2.0,0.6666666666666666,0.75,0.0,0.0,0.6499999761581421
whouvenaghel,Wouter Houben,cycling,Male,0,3.0,0.4772727272727273,0.5634920634920636,0.0,0.0,0.550000011920929
andrewselby1,Andrew Selby,boxing,Male,0,3.0,0.6,0.6944444444444445,0.0,0.0,0.3499999940395355
kenenisabekele,Kenenisa Bekele,athletics,Male,0,6.0,0.35353535353535354,0.4538095238095237,0.0,0.0,0.25
markgleghorne,Mark Gleghorne,hockey,Male,0,3.0,0.5142857142857142,0.6018518518518519,0.0,0.0,0.10000000149011612
britishgym,British Gymnastics,gymnastics,Organization,0,9.0,0.2026431718061674,0.307367149758454,0.0,0.0,0.8500000238418579
natereinking12,Nate Reinking,basketball,Male,0,4.0,0.5454545454545454,0.673611111111111,0.0,0.0,0.75
aaroncooktkd,Aaron Cook,taekwondo,Male,0,2.0,0.8571428571428571,0.9166666666666666,0.0,0.0,1.0
edclancynews,Ed Clancy,cycling,Male,0,3.0,0.4883720930232558,0.5714285714285715,0.0,0.0,0.44999998807907104
justine_henin,Justine Henin,tennis,Female,0,12.0,0.15455140798952194,0.1912432435737524,0.0,0.0,0.44999998807907104